{
  "1": {
    "risk_range": [
      0.0,
      0.10540677634688887
    ],
    "risk_mid": 0.0527,
    "n_trades": 8000,
    "actual_wr": 0.3309,
    "expected_wr": 0.0668,
    "discount_factor": 0.0
  },
  "2": {
    "risk_range": [
      0.10540677634688887,
      0.22962464940089092
    ],
    "risk_mid": 0.1675,
    "n_trades": 4000,
    "actual_wr": 0.2945,
    "expected_wr": 0.4322,
    "discount_factor": 0.3186
  },
  "3": {
    "risk_range": [
      0.22962464940089092,
      0.31145975522485747
    ],
    "risk_mid": 0.2705,
    "n_trades": 3998,
    "actual_wr": 0.2961,
    "expected_wr": 0.4496,
    "discount_factor": 0.3412
  },
  "4": {
    "risk_range": [
      0.31145975522485747,
      0.3752591705446261
    ],
    "risk_mid": 0.3434,
    "n_trades": 4002,
    "actual_wr": 0.3051,
    "expected_wr": 0.4677,
    "discount_factor": 0.3476
  },
  "5": {
    "risk_range": [
      0.3752591705446261,
      0.4266832704224314
    ],
    "risk_mid": 0.401,
    "n_trades": 4000,
    "actual_wr": 0.3172,
    "expected_wr": 0.4865,
    "discount_factor": 0.3478
  },
  "6": {
    "risk_range": [
      0.4266832704224314,
      0.4751201642298271
    ],
    "risk_mid": 0.4509,
    "n_trades": 4000,
    "actual_wr": 0.3237,
    "expected_wr": 0.4997,
    "discount_factor": 0.3521
  },
  "7": {
    "risk_range": [
      0.4751201642298271,
      0.5244196653804191
    ],
    "risk_mid": 0.4998,
    "n_trades": 3999,
    "actual_wr": 0.3286,
    "expected_wr": 0.5069,
    "discount_factor": 0.3518
  },
  "8": {
    "risk_range": [
      0.5244196653804191,
      0.5807309244896574
    ],
    "risk_mid": 0.5526,
    "n_trades": 4001,
    "actual_wr": 0.3239,
    "expected_wr": 0.5139,
    "discount_factor": 0.3697
  },
  "9": {
    "risk_range": [
      0.5807309244896574,
      0.9326057559199167
    ],
    "risk_mid": 0.7567,
    "n_trades": 4000,
    "actual_wr": 0.3287,
    "expected_wr": 0.5211,
    "discount_factor": 0.3691
  }
}