{"mean": [19.80370330810547, 3.4811739921569824, -0.011492032557725906, 0.02182336151599884, 0.021994302049279213, 1.2659683227539062, -0.047619521617889404, 0.5081806182861328, 0.48193731904029846, 0.4941648840904236, 4.133857250213623, 0.4512340724468231, 0.49727195501327515, 0.03932679817080498, 14.150370597839355, 0.24439801275730133, 0.04305734857916832, 0.5262771844863892, 50.75257873535156, 0.107578344643116, 0.11538461595773697, -0.01174080278724432, 1.0359007120132446, 0.009313756600022316, 0.39614126086235046, 14.314598083496094, -0.22868911921977997, 0.5738673806190491, 0.475766122341156, 0.48905983567237854, 0.4491163492202759, 8.10654067993164, 17.319374084472656, 0.9844775199890137, 0.24000081419944763, 0.5319307446479797, 52.30451583862305, 0.22193732857704163, 0.28319087624549866, 0.8727954626083374, -0.02376236394047737, -1.3986939191818237, 0.9432849287986755, 31.469743728637695, 0.23049357533454895, 0.9965242147445679, Infinity, 0.8880341649055481, 0.9238746166229248, 0.03886039927601814, 0.0287749283015728, 0.03441595286130905, 0.019487179815769196, 0.03868945688009262, 0.02786324732005596], "std": [17.466014862060547, 83.82303619384766, 21.83953857421875, 0.14612622559070587, 0.1466768980026245, 0.8900498151779175, 35.472103118896484, 0.35525423288345337, 0.49974438548088074, 0.4011244773864746, 3.3483285903930664, 0.27916064858436584, 0.3153173625469208, 0.8349438309669495, 12.74107551574707, 5.633485317230225, 1.1201014518737793, 0.3265809118747711, 15.915276527404785, 0.30980902910232544, 0.31956520676612854, 11.851463317871094, 1.043773889541626, 1.0732380151748657, 0.3064540922641754, 153.83477783203125, 32.10271072387695, 62.004512786865234, 0.354614794254303, 0.49992597103118896, 0.4008524715900421, 6.033798694610596, 12.811549186706543, 10.277321815490723, 1.0640331506729126, 0.33246153593063354, 15.6145658493042, 0.4156149923801422, 0.45049598813056946, 0.6542205810546875, 1.0489757061004639, 14413.8291015625, 0.5485603213310242, 19.36745834350586, 0.4300687313079834, 0.05885635316371918, NaN, 0.3152850568294525, 0.26516351103782654, 0.19327005743980408, 0.16721612215042114, 0.18226245045661926, 0.13819926977157593, 0.19287532567977905, 0.16458752751350403]}