{"mean": [0.15960000455379486, 0.4225499927997589, -0.2906281352043152, -0.9296500086784363, 0.4977549910545349, 0.824150025844574, 0.8792499899864197, 1.326720952987671, 0.008500000461935997, 0.0328500010073185, 4.925500869750977, 0.035833440721035004, 0.037700001150369644, 0.30584999918937683, 4.3548970222473145, 0.21493573486804962, 0.006800000090152025, 0.008050000295042992, 0.0034126914106309414, 0.004900000058114529, 0.00430000014603138, 0.20447500050067902, 0.13759826123714447, 0.5001394748687744, 0.03334999829530716, 0.05900648236274719, 0.021984588354825974, -0.00351254316046834, 0.001500000013038516, 0.0017000000225380063, 49.859275817871094, 0.034560833126306534, -0.011954531073570251, 0.9908871054649353, 0.006136295385658741, 0.03637741878628731, 0.501327633857727, 0.022299129515886307, 0.00839999970048666, 4.954556465148926, 0.10320000350475311, 4.491765975952148, 0.9760000109672546], "std": [0.3662346601486206, 0.4939650893211365, 1.1329585313796997, 17.563350677490234, 0.365914911031723, 0.3806925117969513, 1.903462290763855, 1.349298119544983, 0.09180276840925217, 0.17824386060237885, 0.5390101075172424, 0.26951611042022705, 0.19046971201896667, 0.460766464471817, 1.490086555480957, 0.5643622279167175, 0.08218126744031906, 0.08935993164777756, 0.05289437994360924, 0.06982829421758652, 0.06543324887752533, 0.4628876745700836, 0.6147669553756714, 0.11020221561193466, 0.17954881489276886, 12.197463035583496, 4.362630367279053, 2.3342833518981934, 0.03870077431201935, 0.04119598865509033, 3.900239944458008, 2.013986110687256, 0.2560577690601349, 0.32013052701950073, 0.2661730945110321, 0.15958184003829956, 0.09738987684249878, 0.11370266228914261, 0.09126576781272888, 0.40839478373527527, 0.30421990156173706, 1.3427320718765259, 0.5443106293678284], "feature_names": ["h4_trend_bull", "h4_trend_bear", "h4_ma_separation_atr", "h4_ma25_slope", "h4_atr_percentile", "h4_fib_detected", "h4_fib_golden_distance_atr", "h4_swing_distance_atr", "h1_ob_bull", "h1_ob_bear", "h1_ob_distance_atr", "h1_ob_size_atr", "h1_fvg_bull", "h1_fvg_bear", "h1_fvg_distance_atr", "h1_fvg_size_atr", "h1_sweep_bull", "h1_sweep_bear", "h1_sweep_depth_atr", "h1_choch_bull", "h1_choch_bear", "h1_smc_confluence_count", "ct_bb_width_pct", "ct_bb_squeeze_intensity", "ct_bb_expanding", "ct_ao_value", "ct_ao_slope", "ct_ao_acceleration", "ct_ao_cross_up", "ct_ao_cross_down", "ct_rsi", "ct_rsi_velocity", "ct_volume_zscore", "ct_volume_ratio", "ct_displacement", "ct_body_ratio", "ct_close_position", "ct_wick_magnitude_atr", "mtf_1h_ob_near_4h_fib", "mtf_1h_ob_near_4h_fib_distance", "mtf_1h_fvg_near_4h_fib", "mtf_1h_fvg_near_4h_fib_distance", "mtf_level_confluence_count"]}