{"ranging": {"trades": 40000, "wr": 0.317975, "avg_r": 0.012724228569518034, "signal_rate": 1.0, "weight": 1.0040459865793925}}