{"mean": [0.22834999859333038, 0.05719999969005585, 0.3906500041484833, 0.027049999684095383, 0.023225000128149986, 0.40084999799728394, -0.0005000000237487257, 0.4977549910545349, 46.5392951965332, -0.0851600244641304, -0.011563093401491642, -4.653083801269531, 9.552119255065918, 0.4343588948249817, 0.4830235242843628, 0.008225000463426113, 0.001500000013038516, 0.007424999959766865, 0.019750000908970833, 0.11845000088214874, 0.023499999195337296, 0.10109999775886536, -0.002526543103158474, -0.0032500000670552254, 0.01535104401409626, 0.14344856142997742, 0.20172500610351562, 0.0002500000118743628, 0.02669999934732914, 0.01877499930560589, 0.019224999472498894, 1.690326098469086e-05, 0.01834999956190586, 0.148499995470047, 0.027696523815393448, 2.843825101852417, 0.10887495428323746, 2.308420181274414], "std": [0.4197693169116974, 0.23222436010837555, 0.48789605498313904, 0.16222915053367615, 0.15061740577220917, 0.4900707006454468, 0.20049874484539032, 0.365914911031723, 11.248636245727539, 0.7921374440193176, 1.060625433921814, 87.26712799072266, 6.928073883056641, 0.25772812962532043, 0.28692561388015747, 0.09031803905963898, 0.03870077431201935, 0.08584794402122498, 0.13913999497890472, 0.3231402337551117, 0.5380034446716309, 0.3014611005783081, 0.14327538013458252, 0.16595010459423065, 0.45547452569007874, 0.22764413058757782, 0.4772651493549347, 0.01580941118299961, 0.16120515763759613, 0.13572950661182404, 0.13731494545936584, 0.0011193181853741407, 0.13421355187892914, 0.6657310128211975, 0.13007846474647522, 2.8750972747802734, 0.8462401628494263, 1.6787363290786743], "feature_names": ["h4_trend", "h4_ob_present", "h4_fvg_present", "h4_sweep_present", "h4_choch_present", "h4_bb_squeeze", "h4_ao_cross", "h4_atr_percentile", "h4_rsi", "h4_displacement", "h4_volume_zscore", "h4_ma25_slope", "h4_bb_width_pct", "h4_body_ratio", "h4_close_position", "h1_ob_aligned", "h1_fvg_in_4h_zone", "h1_sweep_confirm", "h1_trend_aligned", "h1_bb_squeeze", "h1_ao_direction", "h1_volume_surge", "h1_body_momentum", "h1_rsi_zone", "h1_displacement", "h1_atr_ratio", "h1_confluence_count", "m15_trigger_fired", "m15_volume_climax", "m15_wick_rejection", "m15_body_confirm", "m15_vwap_position", "m15_range_expansion", "m15_mtf_trigger", "m15_entry_precision", "mtf_confluence", "mtf_sniper_score", "mtf_exit_proximity"]}