{
  "h1_fvg_bear": 0.3686580121200721,
  "bb_squeeze_x_fvg_distance": 0.1785579389569775,
  "h4_bb_width_pct": 0.09528538396103231,
  "h4_trend_bear": 0.0947363310330914,
  "h1_fvg_size_atr": 0.08551019964777223,
  "h4_swing_distance_atr": 0.07797503579629142,
  "h4_ma_separation_atr": 0.07073549778280093,
  "h4_bb_squeeze_intensity": 0.07066480246200567,
  "h4_atr_percentile": 0.0696279305896504,
  "h4_ao_slope": 0.05557255669439954,
  "h4_ao_acceleration": 0.05503298073626469,
  "h4_ma25_slope": 0.048408522998197666,
  "fvg_distance_x_mtf_fib_distance": 0.04820813397058524,
  "h4_ao_value": 0.04365399159042646,
  "atr_percentile_x_bb_squeeze": 0.03164813890878635,
  "h4_bb_expanding": 0.02712785114439228,
  "h1_fvg_distance_atr": 0.024750938234091684,
  "h1_fvg_bull": 0.021399509671944632,
  "h4_trend_bull": 0.01867370337236394,
  "mtf_1h_fvg_near_4h_fib_distance": 0.016794583411784077,
  "h1_smc_confluence_count": 0.013383658439768353,
  "ct_bb_expanding": 0.011173537325326515,
  "mtf_level_confluence_count": 0.010765280866702708,
  "h4_fib_detected": 0.007026207640102301,
  "ct_body_ratio": 0.005875593218654599,
  "ct_bb_width_pct": 0.004197794735297773,
  "mtf_1h_fvg_near_4h_fib": 0.002641382732611285,
  "h4_fib_golden_distance_atr": 0.0015606126694896307,
  "h1_ob_bull": 0.0,
  "h1_ob_bear": 0.0,
  "h1_ob_distance_atr": 0.0,
  "h1_ob_size_atr": 0.0,
  "h1_sweep_bull": 0.0,
  "h1_sweep_bear": 0.0,
  "h1_sweep_depth_atr": 0.0,
  "h1_choch_bull": 0.0,
  "h1_choch_bear": 0.0,
  "ct_bb_squeeze_intensity": 0.0,
  "ct_ao_value": 0.0,
  "ct_ao_slope": 0.0,
  "ct_ao_acceleration": 0.0,
  "ct_ao_cross_up": 0.0,
  "ct_ao_cross_down": 0.0,
  "ct_rsi": 0.0,
  "ct_rsi_velocity": 0.0,
  "ct_volume_zscore": 0.0,
  "ct_volume_ratio": 0.0,
  "ct_displacement": 0.0,
  "ct_close_position": 0.0,
  "ct_wick_magnitude_atr": 0.0,
  "mtf_1h_ob_near_4h_fib": 0.0,
  "mtf_1h_ob_near_4h_fib_distance": 0.0,
  "ao_accel_x_ob_distance": 0.0,
  "ma_sep_x_rsi_velocity": 0.0
}