{"mean": [0.15960000455379486, 0.4225499927997589, -0.2906281352043152, -0.9296500086784363, 0.4977549910545349, 0.824150025844574, 0.8792499899864197, 1.326720952987671, 9.552119255065918, 0.4878528416156769, 0.48179998993873596, -13.373140335083008, 0.16451846063137054, 0.02722952514886856, 0.008500000461935997, 0.0328500010073185, 0.035347480326890945, 0.035833440721035004, 0.020674999803304672, 0.037700001150369644, 0.04324999824166298, 0.09766066819429398, 0.021926546469330788, 0.04047499969601631, 0.006800000090152025, 0.008050000295042992, 0.0034126914106309414, 0.007424999959766865, 0.004900000058114529, 0.00430000014603138, 0.07317499816417694, 0.06657499819993973, 0.13759826123714447, 0.5001394748687744, 0.03334999829530716, 0.05900648236274719, 0.021984588354825974, -0.00351254316046834, 0.001500000013038516, 0.0017000000225380063, 49.859275817871094, 0.034560833126306534, -0.011954531073570251, 0.9908871054649353, 0.006136295385658741, 0.03637741878628731, 0.501327633857727, 0.022299129515886307, 0.00839999970048666, 4.954556465148926, 0.022700000554323196, 4.887606143951416, 0.861549973487854, 0.05204286426305771, 0.028341617435216904, -0.046577658504247665, 0.2489400953054428, 0.12177257984876633, 0.5012027621269226, 0.43874794244766235, 0.023005429655313492, 0.002400000113993883, 0.005750000011175871, 0.9511817097663879, 0.004900000058114529, 0.0037499999161809683], "std": [0.3662346601486206, 0.4939650893211365, 1.1329585313796997, 17.563350677490234, 0.365914911031723, 0.3806925117969513, 1.903462290763855, 1.349298119544983, 6.928073883056641, 0.40521863102912903, 0.499668687582016, 259.356201171875, 82.61084747314453, 43.55771255493164, 0.09180276840925217, 0.17824386060237885, 0.4717095196247101, 0.26951611042022705, 0.14229388535022736, 0.19046971201896667, 0.20341935753822327, 0.7703409790992737, 0.15200361609458923, 0.19707047939300537, 0.08218126744031906, 0.08935993164777756, 0.05289437994360924, 0.08584794402122498, 0.06982829421758652, 0.06543324887752533, 0.28490421175956726, 0.24928449094295502, 0.6147669553756714, 0.11020221561193466, 0.17954881489276886, 12.197463035583496, 4.362630367279053, 2.3342833518981934, 0.03870077431201935, 0.04119598865509033, 3.900239944458008, 2.013986110687256, 0.2560577690601349, 0.32013052701950073, 0.2661730945110321, 0.15958184003829956, 0.09738987684249878, 0.11370266228914261, 0.09126576781272888, 0.40839478373527527, 0.14894531667232513, 0.6641600131988525, 0.42465466260910034, 0.652204692363739, 2.285527467727661, 1.9531738758087158, 0.19372911751270294, 1.7787612676620483, 0.08034031838178635, 0.3046710789203644, 0.1158783882856369, 0.048930976539850235, 0.07561042904853821, 0.680670976638794, 0.06982828676700592, 0.06112231686711311], "feature_names": ["h4_trend_bull", "h4_trend_bear", "h4_ma_separation_atr", "h4_ma25_slope", "h4_atr_percentile", "h4_fib_detected", "h4_fib_golden_distance_atr", "h4_swing_distance_atr", "h4_bb_width_pct", "h4_bb_squeeze_intensity", "h4_bb_expanding", "h4_ao_value", "h4_ao_slope", "h4_ao_acceleration", "h1_ob_bull", "h1_ob_bear", "h1_ob_distance_atr", "h1_ob_size_atr", "h1_ob_present", "h1_fvg_bull", "h1_fvg_bear", "h1_fvg_distance_atr", "h1_fvg_size_atr", "h1_fvg_present", "h1_sweep_bull", "h1_sweep_bear", "h1_sweep_depth_atr", "h1_sweep_present", "h1_choch_bull", "h1_choch_bear", "h1_smc_confluence_count", "h1_smc_any_present", "ct_bb_width_pct", "ct_bb_squeeze_intensity", "ct_bb_expanding", "ct_ao_value", "ct_ao_slope", "ct_ao_acceleration", "ct_ao_cross_up", "ct_ao_cross_down", "ct_rsi", "ct_rsi_velocity", "ct_volume_zscore", "ct_volume_ratio", "ct_displacement", "ct_body_ratio", "ct_close_position", "ct_wick_magnitude_atr", "mtf_1h_ob_near_4h_fib", "mtf_1h_ob_near_4h_fib_distance", "mtf_1h_fvg_near_4h_fib", "mtf_1h_fvg_near_4h_fib_distance", "mtf_level_confluence_count", "bb_squeeze_x_fvg_distance", "ao_accel_x_ob_distance", "ma_sep_x_rsi_velocity", "atr_percentile_x_bb_squeeze", "fvg_distance_x_mtf_fib_distance", "ct_price_in_bb", "h4_price_in_bb", "ct_ao_distance_from_zero_atr", "ct_rsi_extreme_bull", "ct_rsi_extreme_bear", "h4_trend_strength", "ct_candle_engulfing_bull", "ct_candle_engulfing_bear"]}