{"mean": [0.2588929235935211, 0.3331215977668762, -0.12641291320323944, -0.22503839433193207, 0.4966844618320465, 0.826996386051178, 0.8650181293487549, 1.3285764455795288, 8.136115074157715, 0.4872972369194031, 0.48214608430862427, -3.2550394535064697, -0.02124660834670067, 0.00976753793656826, 0.027177859097719193, 0.08044464886188507, 0.069530189037323, 0.084210105240345, 0.05381125211715698, 0.09088021516799927, 0.10233666002750397, 0.19677075743675232, 0.048060622066259384, 0.09660843759775162, 0.018421052023768425, 0.018103448674082756, 0.007308424916118383, 0.01826225034892559, 0.011774047277867794, 0.014088021591305733, 0.1816129833459854, 0.1661524474620819, 3.864553689956665, 0.4928719401359558, 0.2786751389503479, 2.8394014835357666, -0.0859171450138092, -0.00418076803907752, 0.012227768078446388, 0.013271325267851353, 50.34547805786133, -0.020840946584939957, -0.007463543210178614, 1.017929196357727, 0.018618682399392128, 0.2588532567024231, 0.4949634373188019, 0.22853243350982666, 0.0038112523034214973, 4.979381084442139, 0.010299455374479294, 4.949004650115967, 0.39090290665626526, 0.13746441900730133, 0.009767201729118824, -0.6518017053604126, 0.28132545948028564, 0.05525071918964386, 0.5072106719017029, 0.47887367010116577, 0.7225447297096252, 0.026792196556925774, 0.019532667472958565, 0.9411701560020447, 0.0022232304327189922, 0.0017014519544318318], "std": [0.43802669644355774, 0.47132962942123413, 1.1557159423828125, 12.772295951843262, 0.3605634272098541, 0.3782504200935364, 1.8912521600723267, 1.360535740852356, 7.8355793952941895, 0.4027748703956604, 0.49968117475509644, 188.53721618652344, 62.80546188354492, 34.34162902832031, 0.16260141134262085, 0.271980345249176, 0.460877925157547, 0.3933596909046173, 0.22564485669136047, 0.2874387204647064, 0.30309051275253296, 0.7849155068397522, 0.1977936327457428, 0.29542383551597595, 0.13446827232837677, 0.13332557678222656, 0.07470325380563736, 0.13389824330806732, 0.10786759853363037, 0.11785393953323364, 0.4246167540550232, 0.37221741676330566, 7.047083377838135, 0.3054170310497284, 0.4483473002910614, 70.81939697265625, 29.269479751586914, 17.916126251220703, 0.10990110039710999, 0.11443424224853516, 8.861105918884277, 5.928247451782227, 0.821510374546051, 0.807541012763977, 0.653335452079773, 0.3012940287590027, 0.2316311150789261, 0.3077346086502075, 0.06161758303642273, 0.27601853013038635, 0.10096226632595062, 0.4508558213710785, 0.5155555009841919, 0.6725671291351318, 4.016177654266357, 6.494812488555908, 0.29366520047187805, 1.1996846199035645, 0.2303818017244339, 0.30589354038238525, 0.9541006684303284, 0.16147561371326447, 0.13838765025138855, 0.6825380921363831, 0.04709870368242264, 0.04121355339884758], "feature_names": ["h4_trend_bull", "h4_trend_bear", "h4_ma_separation_atr", "h4_ma25_slope", "h4_atr_percentile", "h4_fib_detected", "h4_fib_golden_distance_atr", "h4_swing_distance_atr", "h4_bb_width_pct", "h4_bb_squeeze_intensity", "h4_bb_expanding", "h4_ao_value", "h4_ao_slope", "h4_ao_acceleration", "h1_ob_bull", "h1_ob_bear", "h1_ob_distance_atr", "h1_ob_size_atr", "h1_ob_present", "h1_fvg_bull", "h1_fvg_bear", "h1_fvg_distance_atr", "h1_fvg_size_atr", "h1_fvg_present", "h1_sweep_bull", "h1_sweep_bear", "h1_sweep_depth_atr", "h1_sweep_present", "h1_choch_bull", "h1_choch_bear", "h1_smc_confluence_count", "h1_smc_any_present", "ct_bb_width_pct", "ct_bb_squeeze_intensity", "ct_bb_expanding", "ct_ao_value", "ct_ao_slope", "ct_ao_acceleration", "ct_ao_cross_up", "ct_ao_cross_down", "ct_rsi", "ct_rsi_velocity", "ct_volume_zscore", "ct_volume_ratio", "ct_displacement", "ct_body_ratio", "ct_close_position", "ct_wick_magnitude_atr", "mtf_1h_ob_near_4h_fib", "mtf_1h_ob_near_4h_fib_distance", "mtf_1h_fvg_near_4h_fib", "mtf_1h_fvg_near_4h_fib_distance", "mtf_level_confluence_count", "bb_squeeze_x_fvg_distance", "ao_accel_x_ob_distance", "ma_sep_x_rsi_velocity", "atr_percentile_x_bb_squeeze", "fvg_distance_x_mtf_fib_distance", "ct_price_in_bb", "h4_price_in_bb", "ct_ao_distance_from_zero_atr", "ct_rsi_extreme_bull", "ct_rsi_extreme_bear", "h4_trend_strength", "ct_candle_engulfing_bull", "ct_candle_engulfing_bear"]}