{
  "n_rows": 13480,
  "features": 30,
  "best_wr": 0.34234234234234234,
  "test_trades": 1991,
  "train_bin": 0.15345485375158965,
  "test_bin": 0.2119188921859545
}