{
  "regimes": 4,
  "feature_names": [
    "ao_div",
    "ao_div_str",
    "ao_raw",
    "ao_slope_5",
    "bb_squeeze",
    "bb_width_pct",
    "body_ratio",
    "buy_pressure",
    "delta_momentum",
    "div_triple",
    "h1_bb_squeeze",
    "h1_rsi",
    "hammer",
    "ma25_slope_pct",
    "ma_gap_pct",
    "ma_rank",
    "macd_div",
    "macd_div_str",
    "price_in_bb",
    "rsi",
    "rsi_div",
    "rsi_div_str",
    "rsi_vel",
    "swing_dist_pct",
    "swing_dist_raw",
    "vol_absorption",
    "vol_climax",
    "vol_dryness",
    "vwap_dist_pct",
    "vwap_extreme"
  ],
  "training_dist": {
    "ao_div": {
      "mean": 0.02299703285098076,
      "std": 0.1498938500881195
    },
    "ao_div_str": {
      "mean": 0.009051475673913956,
      "std": 0.07521060109138489
    },
    "ao_raw": {
      "mean": -36.4825439453125,
      "std": 410.46038818359375
    },
    "ao_slope_5": {
      "mean": -0.9373435378074646,
      "std": 147.50303649902344
    },
    "bb_squeeze": {
      "mean": 0.5397659540176392,
      "std": 0.4061731696128845
    },
    "bb_width_pct": {
      "mean": 11.086848258972168,
      "std": 7.4977498054504395
    },
    "body_ratio": {
      "mean": 0.4191000461578369,
      "std": 0.26217758655548096
    },
    "buy_pressure": {
      "mean": 0.453366756439209,
      "std": 0.12142836302518845
    },
    "delta_momentum": {
      "mean": -0.03618477284908295,
      "std": 0.5614840388298035
    },
    "div_triple": {
      "mean": 0.006888512056320906,
      "std": 0.08271070569753647
    },
    "h1_bb_squeeze": {
      "mean": 0.2989066243171692,
      "std": 0.3807051479816437
    },
    "h1_rsi": {
      "mean": 48.325443267822266,
      "std": 10.75751781463623
    },
    "hammer": {
      "mean": 0.08287409693002701,
      "std": 0.27569180727005005
    },
    "ma25_slope_pct": {
      "mean": -0.1950419396162033,
      "std": 0.3776799738407135
    },
    "ma_gap_pct": {
      "mean": -1.9066797494888306,
      "std": 3.9276247024536133
    },
    "ma_rank": {
      "mean": -0.4155362546443939,
      "std": 0.692238986492157
    },
    "macd_div": {
      "mean": 0.030839338898658752,
      "std": 0.17288224399089813
    },
    "macd_div_str": {
      "mean": 0.003925612661987543,
      "std": 0.05705242231488228
    },
    "price_in_bb": {
      "mean": 0.36029887199401855,
      "std": 0.32016706466674805
    },
    "rsi": {
      "mean": 42.324344635009766,
      "std": 15.955229759216309
    },
    "rsi_div": {
      "mean": 0.028613818809390068,
      "std": 0.22371917963027954
    },
    "rsi_div_str": {
      "mean": 0.014529850333929062,
      "std": 0.10653210431337357
    },
    "rsi_vel": {
      "mean": -0.3315579295158386,
      "std": 10.943687438964844
    },
    "swing_dist_pct": {
      "mean": 215327.78125,
      "std": 8503270.0
    },
    "swing_dist_raw": {
      "mean": 220.73069763183594,
      "std": 4379.0478515625
    },
    "vol_absorption": {
      "mean": 0.0010597710497677326,
      "std": 0.03253687173128128
    },
    "vol_climax": {
      "mean": 0.0016956337494775653,
      "std": 0.04114314541220665
    },
    "vol_dryness": {
      "mean": 0.024480711668729782,
      "std": 0.15453611314296722
    },
    "vwap_dist_pct": {
      "mean": -11.897672653198242,
      "std": 11.956398963928223
    },
    "vwap_extreme": {
      "mean": 0.4319626986980438,
      "std": 0.49534928798675537
    }
  },
  "regime_distribution": [
    0.42739798622151565,
    0.32591414944356123,
    0.21992580816110227,
    0.02676205617382088
  ],
  "meta_threshold": 0.47999999999999987
}