{"mean": [6.778751373291016, 0.05520052835345268, 0.022683752700686455, 0.0241567250341177, 1.2104439735412598, 0.3328007459640503, 0.5127282738685608, 0.4774389863014221, 0.49852612614631653, 4.356828689575195, 0.44820597767829895, 0.5071789622306824, 0.11699885874986649, 15.144793510437012, 0.475524365901947, 0.23083382844924927, 0.5732401013374329, 52.86292266845703, 0.08170078694820404, 0.13109441101551056, 0.1484977900981903, 1.015430212020874, -0.006423142738640308, 0.3957371115684509, 19.095945358276367, -0.07636046409606934, 3.0664148330688477, 0.5143725872039795, 0.4857367277145386, 0.4552523195743561, 8.549105644226074, 15.851229667663574, 1.2784782648086548, 0.5064005851745605, 0.6069684028625488, 55.49773406982422, 0.27721312642097473, 0.22978347539901733, 0.9429314136505127, 0.012575726956129074, -111.13217163085938, 0.9537832140922546, 30.996023178100586, 0.26210522651672363, 0.9974468350410461, 1.2105226516723633, 0.032798152416944504, 0.023469338193535805, 0.03898463025689125, 0.01905042491853237, 0.8840280771255493, 0.9278244376182556, 0.044189129024744034, 0.02965581603348255], "std": [86.09811401367188, 24.54469108581543, 0.14890402555465698, 0.1535245031118393, 0.8570946455001831, 39.239501953125, 0.3548097014427185, 0.4994767904281616, 0.4000915586948395, 3.5740599632263184, 0.2735632061958313, 0.31090661883354187, 0.8028789162635803, 12.976972579956055, 5.837589263916016, 1.0604397058486938, 0.31086841225624084, 15.427214622497559, 0.27390602231025696, 0.3374900221824646, 12.19241714477539, 0.9571393728256226, 1.056298851966858, 0.29950758814811707, 186.81820678710938, 31.57204818725586, 60.81300354003906, 0.34967055916786194, 0.49977612495422363, 0.4077329933643341, 6.569040298461914, 11.942522048950195, 12.629042625427246, 1.0664488077163696, 0.31503918766975403, 14.939507484436035, 0.44767147302627563, 0.42069679498672485, 0.7103806734085083, 1.051916480064392, 15961.09765625, 0.5535992980003357, 18.86187171936035, 0.48215532302856445, 0.050462961196899414, 1.1852295398712158, 0.17812001705169678, 0.15138408541679382, 0.19357161223888397, 0.13671055436134338, 0.32016244530677795, 0.25879907608032227, 0.20551609992980957, 0.16962149739265442]}