{
  "n_rows": 33946,
  "train": 20367,
  "test": 13579,
  "baseline_binary": 0.1895574048162604,
  "best_wr": 0.2940553422481133,
  "best_sharpe": 65.02922565294864,
  "n_features": 54
}