{"mean": [-97.1763916015625, 3.204963445663452, 0.014921383000910282, 0.044039931148290634, -2.912679672241211, 0.6270882487297058, 0.697735607624054, 14.1897611618042, 0.46193209290504456, 0.05871990695595741, -0.0761386901140213, -0.026772772893309593, 0.15619495511054993, 0.014679976738989353, 0.4186590015888214, 0.5401025414466858, 0.4873179793357849, 49.21998977661133, 0.09013505280017853, -6.537229061126709, -1.25682532787323, 0.00905299186706543, 0.06576629728078842, 0.24226807057857513, 34.095542907714844, 0.031993281096220016, 0.06224310025572777, 0.5372467637062073, 0.23253083229064941, 0.06870228797197342, 1.4908698797225952, 0.8511450290679932, 0.0933646485209465, 0.0011743981158360839, 0.0011743981158360839, 0.20170287787914276, 0.015560775063931942, 0.09718144685029984, 0.10099823772907257, 0.9213153123855591, -14.531755447387695, 0.029003173112869263], "std": [661.4918823242188, 67.07991027832031, 0.09368453174829483, 0.205180361866951, 95.67499542236328, 0.35159337520599365, 0.3766689598560333, 7.8661112785339355, 0.08538507670164108, 0.23510046303272247, 0.17077025771141052, 0.5348759293556213, 0.5278332233428955, 0.12026330083608627, 0.25952017307281494, 2.356837749481201, 0.34665820002555847, 9.82750415802002, 0.28637027740478516, 45.30290985107422, 1.049068570137024, 0.08686816692352295, 0.24786429107189178, 0.276961088180542, 15.074914932250977, 0.1563997119665146, 0.32547420263290405, 10.615846633911133, 0.4224502444267273, 0.25294309854507446, 1.336255431175232, 0.3559432625770569, 0.2909521162509918, 0.03424980491399765, 0.03424961864948273, 0.4012690782546997, 0.1237679272890091, 0.29619958996772766, 0.301320344209671, 0.26925143599510193, 11.457542419433594, 0.34711334109306335]}