{
  "n_rows": 5677,
  "features": 42,
  "best_wr": 0.2618510158013544,
  "best_sharpe": 25.99630102849397,
  "best_trades": 