{"mean": [0.5073053240776062, 0.20075973868370056, 0.0743589773774147, 0.07958214730024338, 0.079392209649086, 0.07815764844417572, 0.014612720347940922, 0.003182792104780674, 0.0022909892722964287, 0.006600189954042435, 0.022554606199264526, 0.0008637208375148475, 0.009116808883845806, 0.005213989410549402, 0.007217473816126585, 0.002184235490858555, 0.4498644173145294, 6.427041053771973, 0.03137628361582756, 0.022792022675275803, 0.023551756516098976, 0.24207235872745514, 0.5089919567108154, 0.45523059368133545, 0.194536492228508, 0.563987672328949, 52.387821197509766, 0.0717296451330185, -0.15518824756145477, 2.8885605335235596, 0.45472386479377747, 1.25467050075531, 0.4827927052974701, 0.5971369743347168, 55.18802261352539, 0.28433048725128174, 0.2281101644039154, 0.16153846681118011, 1.2322368621826172, 0.0016144349938258529, 0.0023741689510643482, 0.20759734511375427, 0.01766381785273552, 0.0783475786447525, 0.7016144394874573, 0.4455840587615967, 0.09829059988260269, 2.4364089965820312, 0.13656219840049744, 0.6680750250816345], "std": [0.11109983175992966, 0.4005432724952698, 0.26234889030456543, 0.27066513895988464, 0.27037206292152405, 0.2684142291545868, 0.22219961881637573, 0.6115476489067078, 0.03667203709483147, 0.08097873628139496, 0.20856042206287384, 0.02579411491751671, 0.09503286331892014, 0.06676240265369415, 0.09112326055765152, 0.046680621802806854, 0.2743745446205139, 85.81973266601562, 24.395139694213867, 0.1492375135421753, 0.15163499116897583, 39.236610412597656, 0.40106695890426636, 5.7902984619140625, 1.0716615915298462, 0.3183434009552002, 15.946903228759766, 12.235950469970703, 31.73492431640625, 60.31373977661133, 0.4066143035888672, 12.50200080871582, 1.0641169548034668, 0.3249857425689697, 15.272651672363281, 0.45109689235687256, 0.4195985496044159, 0.3680579662322998, 1.2517812252044678, 0.04014541208744049, 0.04866138473153114, 0.4056371748447418, 0.1317119300365448, 0.26871395111083984, 0.4575711488723755, 0.497059166431427, 0.2976866662502289, 4.5018110275268555, 0.3433511555194855, 0.2940867841243744]}