{
  "n_rows": 35100,
  "features": 50,
  "best_wr": 0.2766406153082744,
  "best_sharpe": 65.6189357430237,
  "best_trades": 